142,-1126.593872,410.475586,1049.095459,-1134.131348,148.178268,1041.461914,-1306.32605,333.929871,1085.303833,-1304.901123,228.115036,1088.439453,-1203.026855,466.946014,958.79425,-1220.289429,104.314751,962.719666,-1049.728638,462.64798,561.5,-1224.229248,165.540024,518.268921,-1177.220215,404.174652,127.610214,-1325.660767,225.008301,83.698135,-1008.795,402.87018,56.96232,-1203.227905,235.085068,42.958031
143,-1113.347778,410.381744,1047.889526,-1123.059204,147.970215,1039.825684,-1293.957153,334.680542,1084.31189,-1292.982544,228.87796,1087.484863,-1189.773926,467.263763,957.912476,-1209.633423,104.82251,961.729492,-1035.23645,461.200897,560.748535,-1221.376465,165.38649,518.178589,-1135.487549,405.083954,119.072784,-1325.575562,225.652573,84.150772,-1010.767395,403.287018,57.196232,-1203.286377,235.395157,43.007835
144,-1100.071167,410.249786,1046.406982,-1111.766479,147.805847,1038.083374,-1281.52417,335.473602,1083.014893,-1281.005737,229.688797,1086.262695,-1176.465332,467.564392,956.662048,-1198.875854,105.330345,960.525635,-1021.35675,459.688751,559.402466,-1218.289307,165.261887,518.045898,-1093.433838,406.027252,111.663818,-1325.475952,226.307083,84.604965,-962.0896,407.102356,60.096619,-1203.403564,235.712341,43.069305
145,-1086.768921,410.077423,1044.673096,-1100.252319,147.684998,1036.237549,-1269.01416,336.301788,1081.428101,-1268.952637,230.539734,1084.784058,-1163.085205,467.848328,955.065125,-1187.947388,105.850037,959.116089,-1007.996277,458.138153,557.513672,-1214.942261,165.160492,517.862976,-1051.344971,406.969849,105.490601,-1325.354614,226.949127,85.067421,-915.149414,410.181488,64.008621,-1203.566162,236.026215,43.138607
146,-1073.445923,409.863129,1042.716919,-1088.516235,147.607391,1034.291992,-1256.414429,337.157104,1079.571777,-1256.805786,231.422195,1083.064209,-1149.618652,468.117218,953.151062,-1176.803467,106.391861,957.514404,-995.043945,456.574127,555.148804,-1211.306641,165.077774,517.622009,-1009.553711,407.8703,100.598633,-1325.202148,227.555954,85.54686,-869.964905,412.52475,68.906082,-1203.757446,236.324783,43.212727
147,-1060.106567,409.606445,1040.57019,-1076.557129,147.572647,1032.252441,-1243.713257,338.031128,1077.470703,-1244.548096,232.327042,1081.121826,-1136.051636,468.37384,950.95575,-1165.44043,106.959129,955.745117,-982.374268,455.01944,552.387695,-1207.349365,165.010422,517.314819,-968.430237,408.681793,96.967659,-1325.007935,228.105804,86.054153,-826.584534,414.133728,74.717087,-1203.957642,236.594711,43.289429
148,-1046.753906,409.308228,1038.268066,-1064.374634,147.580246,1030.125854,-1230.899414,338.914948,1075.154175,-1232.163574,233.24472,1078.97876,-1122.371338,468.622162,948.520874,-1153.900146,107.547287,953.845642,-969.851196,453.494019,549.321106,-1203.032837,164.956329,516.933228,-928.368835,409.354279,94.512375,-1324.760986,228.578568,86.602463,-785.101074,415.01297,81.301483,-1204.14502,236.822342,43.367073
149,-1033.390381,408.970886,1035.847778,-1051.96814,147.629501,1027.921265,-1217.962891,339.799469,1072.654907,-1219.637451,234.165497,1076.660156,-1108.566406,468.867004,945.893066,-1142.258789,108.146706,951.863708,-957.333618,452.014709,546.047913,-1198.315186,164.914307,516.468811,-889.770935,409.837402,93.088173,-1324.450806,228.956299,87.207588,-745.656982,415.172607,88.436943,-1204.296875,236.994171,43.443977
150,-1020.016785,408.59848,1033.348633,-1039.338135,147.719604,1025.649902,-1204.894531,340.675537,1070.009033,-1206.956543,235.07959,1074.194092,-1094.627319,469.114014,943.123169,-1130.601807,108.747383,949.850525,-944.680664,450.595215,542.671509,-1193.150146,164.883774,515.912903,-853.025696,410.084198,92.501976,-1324.068115,229.223328,87.888237,-708.441528,414.631104,95.817848,-1204.392212,237.098221,43.517769
151,-1006.632446,408.196838,1030.811523,-1026.485596,147.849564,1023.324768,-1191.686646,341.534302,1067.255127,-1194.109009,235.977524,1071.610474,-1080.546387,469.369354,940.264771,-1118.996094,109.343163,947.850708,-931.758301,449.245941,539.296448,-1187.487671,164.864441,515.257019,-818.489929,410.054779,92.527412,-1323.60437,229.366058,88.666405,-673.67688,413.41803,103.068413,-1204.412842,237.124771,43.584583
152,-993.234985,407.773529,1028.277588,-1013.412292,148.018219,1020.961304,-1178.333008,342.367249,1064.433716,-1181.085693,236.850266,1068.94165,-1066.317871,469.639618,937.373352,-1107.467041,109.933578,945.893799,-918.444946,447.974457,536.024353,-1181.274292,164.85585,514.492859,-786.468506,409.720734,92.923012,-1323.051514,229.372757,89.567642,-641.596802,411.57608,109.768852,-1204.345459,237.067734,43.638557
153,-979.820496,407.33783,1025.78833,-1000.121704,148.224289,1018.576782,-1164.829224,343.166656,1061.586304,-1167.879028,237.689453,1066.221069,-1051.938843,469.931396,934.504822,-1095.991211,110.522827,943.988831,-904.637573,446.785583,532.950256,-1174.454224,164.857025,513.612793,-757.197205,409.068329,93.451889,-1322.400635,229.233017,90.621246,-612.418823,409.161987,115.491577,-1204.183594,236.925674,43.671665
154,-966.383545,406.900513,1023.384216,-986.61853,148.466415,1016.19043,-1151.172485,343.925659,1058.755005,-1154.484619,238.487656,1063.483154,-1037.408569,470.25119,931.714539,-1084.502319,111.116936,942.123352,-890.256592,445.681885,530.15918,-1166.969238,164.866165,512.610046,-730.829407,408.10144,93.900757,-1321.639038,228.937439,91.860283,-586.315674,406.246307,119.842384,-1203.929688,236.702591,43.674149
155,-952.917358,406.473602,1021.104187,-972.909302,148.743118,1013.823486,-1137.362427,344.638489,1055.981323,-1140.900269,239.238556,1060.763062,-1022.729065,470.605011,929.055908,-1072.906006,111.720711,940.267456,-875.249817,444.663971,527.722778,-1158.760498,164.880386,511.479401,-707.428406,406.842682,94.096313,-1320.748047,228.477264,93.321381,-563.388367,402.911835,122.501144,-1203.595337,236.40863,43.635647
156,-939.414246,406.070068,1018.984863,-959.00238,149.052902,1011.498413,-1123.400757,345.30069,1053.306152,-1127.127075,239.937057,1058.095581,-1007.905396,470.998322,926.579163,-1061.097412,112.335762,938.380981,-859.595581,443.730835,525.697205,-1149.768799,164.89563,510.217346,-686.966187,405.333038,93.917229,-1319.699097,227.844269,95.044304,-543.645752,399.251129,123.256226,-1203.201416,236.060211,43.547005
157,-925.865784,405.703491,1017.060059,-944.908081,149.394241,1009.239258,-1109.291626,345.909271,1050.768188,-1113.168823,240.579468,1055.515137,-992.945618,471.435669,924.330505,-1048.974731,112.959824,936.42395,-843.303833,442.880219,524.12085,-1139.935547,164.906677,508.822723,-669.328491,403.629486,93.300362,-1318.450439,227.030823,97.07119,-526.993225,395.363159,122.027969,-1202.777466,235.679504,43.402813
158,-912.26355,405.387573,1015.359863,-930.638672,149.765701,1007.07074,-1095.041626,346.462738,1048.403809,-1099.032593,241.163574,1053.054688,-977.860962,471.920502,922.350647,-1036.447266,113.586975,934.367249,-826.416199,442.108887,523.013794,-1129.204468,164.907242,507.29715,-654.326416,401.800781,92.240807,-1316.944092,226.030243,99.445518,-513.233215,391.349487,118.8778,-1202.35791,235.293579,43.204338
159,-898.599426,405.135803,1013.910278,-916.208496,150.165848,1005.018372,-1080.65979,346.961121,1046.246826,-1084.728271,241.688614,1050.746094,-962.665771,472.455048,920.674561,-1023.439819,114.208282,932.203003,-809.004456,441.41275,522.377319,-1117.522583,164.890289,505.645447,-641.713135,399.921906,90.785797,-1315.103516,224.837372,102.21077,-502.076324,387.310303,114.002022,-1201.977905,234.932495,42.962654
160,-884.86615,404.960938,1012.732727,-901.633789,150.593399,1003.107544,-1066.157715,347.406036,1044.326904,-1070.268677,242.155334,1048.618896,-947.377625,473.040253,919.330322,-1009.893066,114.812698,929.95166,-791.167908,440.787323,522.194763,-1104.841553,164.848389,503.876221,-631.203369,398.067535,89.023766,-1312.832275,223.449356,105.408798,-493.163177,383.340576,107.711212,-1201.666382,234.626678,42.70155
161,-871.0578,404.874573,1011.843689,-886.932617,151.047134,1001.363586,-1051.549438,347.800507,1042.670166,-1055.669312,242.565872,1046.700317,-932.01709,473.675537,918.338867,-995.764343,115.388596,927.663025,-773.029358,440.227783,522.432861,-1091.119629,164.774109,502.002167,-622.494995,396.305511,87.069931,-1310.014771,221.866638,109.077988,-486.093597,379.526093,100.398186,-1201.438232,234.404068,42.459854
162,-857.170227,404.886902,1011.254578,-872.124573,151.525955,999.810791,-1036.850952,348.148834,1041.29834,-1040.948242,242.923645,1045.014648,-916.607666,474.358887,917.713501,-981.028442,115.925888,925.411682,-754.730408,439.729309,523.043884,-1076.322876,164.660522,500.040527,-615.288818,394.691101,85.050652,-1306.518555,220.093948,113.251228,-480.45874,375.940277,92.499092,-1201.284912,234.286255,42.292545
163,-843.201599,405.006256,1010.971558,-857.230652,152.028824,998.472412,-1022.080627,348.456512,1040.228638,-1026.12561,243.233185,1043.583252,-901.175537,475.086884,917.460144,-965.680359,116.418938,923.284973,-736.425964,439.287415,523.968445,-1060.427734,164.501663,498.013458,-609.306091,393.262695,83.088379,-1302.198364,218.141373,117.953766,-475.87323,372.641296,84.452682,-1201.164063,234.284882,42.27029
164,-829.152405,405.238922,1010.995667,-842.272766,152.554794,997.369873,-1007.25824,348.729797,1039.473389,-1011.223572,243.499939,1042.42395,-885.748962,475.854645,917.577271,-949.740417,116.869743,921.367981,-718.278748,438.898193,525.138794,-1043.422241,164.292923,495.948151,-604.301086,392.039825,81.289124,-1296.9021,216.025253,123.201019,-472.001831,369.670288,76.662674,-1200.991089,234.398361,42.476921
165,-815.026001,405.588928,1011.322876,-827.273621,153.102951,996.5224,-992.40509,348.975616,1039.040283,-996.265442,243.730011,1041.551147,-870.358215,476.656036,918.056213,-933.259888,117.291016,919.726868,-700.453064,438.558502,526.482117,-1025.307617,164.031433,493.877014,-600.069336,391.023224,79.733513,-1290.478149,213.769058,128.996429,-468.578735,367.050446,69.467407,-1200.631592,234.609314,43.004517
166,-800.828369,406.057983,1011.944275,-812.256287,153.672379,995.946655,-977.543396,349.201172,1038.932129,-981.275574,243.929962,1040.975098,-855.034668,477.483826,918.881836,-916.325195,117.707954,918.395935,-683.109375,438.266357,527.9245,-1006.099548,163.716171,491.837555,-596.450012,390.19751,78.472092,-1282.782593,211.403763,135.329407,-465.416931,364.787689,63.119423,-1199.896729,234.88356,43.946079
167,-786.568298,406.645355,1012.846741,-797.243591,154.262146,995.65625,-962.695862,349.413696,1039.147339,-966.278687,244.106506,1040.702637,-839.810242,478.329803,920.03302,-899.0578,118.157158,917.371948,-666.398621,438.020905,529.394226,-985.829529,163.348099,489.871857,-593.32428,389.535217,77.524841,-1273.687622,208.967941,142.173462,-462.407867,362.872314,57.776154,-1198.5448,235.171127,45.386021
168,-772.257263,407.348053,1014.012939,-782.258057,154.871262,995.661316,-947.885254,349.620087,1039.679688,-951.299683,244.266235,1040.73645,-824.716919,479.185089,921.483643,-881.607971,118.681633,916.618835,-650.457214,437.822449,530.825378,-964.544739,162.930038,488.026215,-590.610474,389.001892,76.884064,-1263.088379,206.507355,149.484497,-459.512115,361.282074,53.501129,-1196.288086,235.409546,47.389576
169,-757.909119,408.160797,1015.422058,-767.32135,155.498657,995.968323,-933.133972,349.826721,1040.518677,-936.362732,244.415436,1041.075562,-809.785767,480.040283,923.203308,-864.143433,119.321945,916.081604,-635.403198,437.672333,532.160461,-942.308289,162.4664,486.350006,-588.256226,388.561737,76.519981,-1250.908447,204.073898,157.199417,-456.743896,359.985779,50.27409,-1192.808228,235.529465,49.993187
170,-743.539795,409.076355,1017.050232,-752.453796,156.143158,996.579834,-918.463562,350.039154,1041.650024,-921.49115,244.559814,1041.714722,-795.046265,480.885834,925.158264,-846.833374,120.105583,915.707275,-621.332275,437.572601,533.352844,-919.198303,161.96283,484.894379,-586.230835,388.181946,76.387566,-1237.104126,201.723969,165.235092,-454.151703,358.947205,48.007481,-1187.777954,235.462326,53.199306
171,-729.167053,410.085541,1018.871338,-737.674377,156.803513,997.494141,-903.894043,350.261902,1043.055786,-906.706787,244.704346,1042.645386,-780.525696,481.712219,927.312561,-829.833252,121.03714,915.466125,-608.315796,437.525543,534.367981,-895.306458,161.42572,483.710938,-584.516663,387.836426,76.433739,-1221.665527,199.516144,173.487869,-451.798889,358.128906,46.566391,-1180.886475,235.147903,56.97887
172,-714.809753,411.177673,1020.857056,-722.999939,157.478348,998.7052,-889.443848,350.498413,1044.714722,-892.029846,244.853088,1043.85498,-766.248169,482.510345,929.62854,-813.270874,122.092361,915.366028,-596.398987,437.533142,535.184082,-870.736328,160.861755,482.84967,-583.102173,387.507568,76.603981,-1204.615601,197.508484,181.833633,-449.746307,357.495239,45.789322,-1171.858398,234.539398,61.280113
173,-700.487732,412.34079,1022.977905,-708.445496,158.166199,1000.202759,-875.12915,350.750793,1046.602783,-877.47821,245.009109,1045.328003,-752.234192,483.271576,932.068054,-797.237061,123.217987,915.456055,-585.600891,437.596466,535.792175,-845.60083,160.277466,482.356964,-581.976318,387.186554,76.84758,-1186.006348,195.755463,190.128967,-448.039398,357.014465,45.50737,-1160.460815,233.60408,66.035393
174,-686.221069,413.561981,1025.203491,-694.023621,158.865479,1001.971924,-860.963867,351.019897,1048.693848,-863.067566,245.174408,1047.045044,-738.500061,483.98819,934.59314,-781.779846,124.338127,915.816772,-575.914856,437.715057,536.194885,-820.01947,159.678711,482.273651,-581.124512,386.872131,77.121437,-1165.914429,194.304657,198.213257,-446.700226,356.65979,45.560196,-1146.501465,232.322083,71.15609
175,-672.02948,414.827576,1027.503174,-679.744446,159.574524,1003.993774,-846.959045,351.305267,1050.959106,-848.810852,245.349899,1048.984253,-725.057495,484.653503,937.166626,-766.901001,125.366447,916.539856,-567.310303,437.886414,536.404907,-794.115479,159.070526,482.632782,-580.526489,386.568481,77.39212,-1144.433838,193.193817,205.912201,-445.725311,356.409332,45.807793,-1129.832397,230.686783,76.518562
176,-657.93219,416.123688,1029.846069,-665.615723,160.29155,1006.245056,-833.123108,351.605194,1053.36853,-834.718445,245.5354,1051.120728,-711.913147,485.261871,939.752808,-752.555054,126.221481,917.704041,-559.734924,438.105652,536.443054,-768.012634,158.456955,483.457611,-580.155762,386.282562,77.636551,-1121.668823,192.448227,213.042618,-445.087524,356.245453,46.137688,-1110.364624,228.708481,81.955727
177,-643.947021,417.43634,1032.202271,-651.642639,161.014603,1008.698792,-819.461426,351.916901,1055.890747,-820.797791,245.729782,1053.427246,-699.068909,485.809021,942.317993,-738.651733,126.841614,919.353516,-553.118164,438.365356,536.335815,-741.832581,157.840973,484.760223,-579.980225,386.021423,77.841415,-1097.726929,192.078873,219.418594,-444.741608,356.153595,46.467819,-1088.085083,226.418182,87.264359
178,-630.090149,418.75177,1034.542114,-637.827881,161.741653,1011.32428,-805.976563,352.236542,1058.493652,-807.05365,245.930969,1055.874146,-686.521362,486.292023,944.83075,-725.064514,127.195602,921.486267,-547.37439,438.655731,536.112976,-715.691833,157.224731,486.539948,-579.963806,385.7901,78.001862,-1072.711792,192.081619,224.858505,-444.631073,356.121033,46.745728,-1063.065552,223.868576,92.224525
179,-616.375793,420.056763,1036.837646,-624.171936,162.470459,1014.087646,-792.668213,352.559479,1061.144287,-793.487915,246.136093,1058.430176,-674.26239,486.709229,947.262329,-711.64679,127.286201,924.053711,-542.407043,438.964783,535.805359,-689.699829,156.609772,488.782898,-580.068298,385.590088,78.119667,-1046.71814,192.437271,229.192734,-444.695496,356.135864,46.944958,-1035.45813,221.131729,96.622276
180,-602.815674,421.338867,1039.061646,-610.672913,163.198593,1016.952209,-779.533447,352.880371,1063.810181,-780.100037,246.341629,1061.062744,-662.279541,487.060394,949.586914,-698.253784,127.146301,926.972107,-538.112488,439.279022,535.442566,-663.95697,155.99733,491.461548,-580.255737,385.418732,78.201271,-1019.827148,193.112869,232.271317,-444.876801,356.186279,47.059715,-1005.479492,218.293732,100.268616
181,-589.418762,422.586548,1041.188965,-597.327087,163.923416,1019.879089,-766.566772,353.193481,1066.458374,-766.886719,246.543533,1063.737671,-650.55603,487.346466,951.781311,-684.765503,126.829369,930.139954,-534.383728,439.584198,535.05127,-638.553162,155.388718,494.535217,-580.490295,385.26947,78.25592,-992.10376,194.063843,233.971237,-445.123871,356.260284,47.098724,-973.389893,215.447571,103.012917
182,-576.191345,423.789398,1043.195801,-584.128723,164.642044,1022.827759,-753.760559,353.492706,1069.057129,-753.842407,246.737427,1066.420654,-639.071899,487.569519,953.825745,-671.103821,126.397301,933.455811,-531.114014,439.866119,534.654053,-613.567261,154.785568,497.95105,-580.740173,385.132874,78.294029,-963.595154,195.236862,234.202621,-445.395294,356.345734,47.079243,-939.469116,212.685028,104.750504
183,-563.136536,424.938202,1045.060425,-571.070618,165.351303,1025.756348,-741.10498,353.771912,1071.575195,-740.959595,246.918701,1069.07666,-627.804199,487.732666,955.703003,-657.240601,125.909035,936.831909,-528.19989,440.111511,534.268433,-589.066467,154.190155,501.645355,-580.978577,384.997986,78.325935,-934.330627,196.573059,232.913559,-445.660309,356.431,47.021793,-903.994507,210.088715,105.425812
184,-550.254333,426.025177,1046.762939,-558.144104,166.047745,1028.623047,-728.588684,354.025024,1073.98291,-728.228516,247.082642,1071.671021,-616.727966,487.839844,957.399109,-643.196472,125.41217,940.199524,-525.543945,440.30899,533.906372,-565.106812,153.60556,505.545685,-581.18457,384.854004,78.360924,-904.322449,198.011368,230.093307,-445.898285,356.50531,46.946117,-867.222961,207.724701,105.032013
185,-537.541687,427.043823,1048.285278,-545.339355,166.727692,1031.38562,-716.198975,354.246216,1076.251953,-715.638,247.224655,1074.169678,-605.816833,487.89563,958.902649,-629.032593,124.938591,943.506714,-523.056824,440.449677,533.574585,-541.733459,153.03566,509.572906,-581.343384,384.691833,78.406685,-873.567627,199.491455,225.773834,-446.09726,356.55957,46.868496,-829.378601,205.637589,103.608238
186,-524.992676,427.989075,1049.611816,-532.645691,167.387161,1034.003418,-703.921814,354.430054,1078.355713,-703.175232,247.340332,1076.539307,-595.043701,487.905121,960.205078,-614.838562,124.504097,946.710815,-520.658875,440.527832,533.27478,-518.981506,152.485153,513.643921,-581.446045,384.505219,78.468987,-842.050293,200.956238,220.029556,-446.252228,356.586884,46.800365,-790.646179,203.847229,101.235016
187,-512.598267,428.8573,1050.72876,-520.051514,168.022018,1036.43689,-691.742432,354.571564,1080.270142,-690.82605,247.425537,1078.748413,-584.38147,487.873718,961.300232,-600.718506,124.111145,949.769104,-518.28064,440.541077,533.004272,-496.876923,151.959335,517.67395,-581.489014,384.291534,78.551659,-809.744568,202.353653,212.975647,-446.362946,356.582794,46.7481,-751.169678,202.348938,98.028442
188,-500.346924,429.646149,1051.624512,-507.544678,168.627914,1038.649414,-679.645569,354.666443,1081.973022,-678.5755,247.476578,1080.767334,-573.803589,487.806976,962.184326,-586.774841,123.753502,952.631714,-515.863708,440.49057,532.756958,-475.437592,151.463898,521.579468,-581.473145,384.052002,78.656647,-776.617981,203.637558,204.764877,-446.432495,356.545563,46.713566,-711.055542,201.115433,94.133842
189,-488.22464,430.354553,1052.289429,-495.11261,169.200439,1040.606689,-667.615417,354.711121,1083.44519,-666.407471,247.490173,1082.568604,-563.284241,487.710388,962.855713,-573.091614,123.421371,955.239319,-513.360291,440.380737,532.524231,-454.67395,151.004578,525.280518,-581.402771,383.791321,78.784286,-742.635315,204.768127,195.583298,-446.465668,356.475952,46.695187,-670.378052,200.100967,89.719261
190,-476.215179,430.982544,1052.716431,-482.742371,169.735168,1042.278564,-655.635986,354.702698,1084.669922,-654.305298,247.463669,1084.127808,-552.799194,487.589264,963.314758,-559.718018,123.105652,957.526062,-510.732544,440.218811,532.295959,-434.589783,150.586823,528.703003,-581.284912,383.516663,78.933556,-707.762756,205.711533,185.644928,-446.468201,356.376862,46.689182,-629.186218,199.247147,84.969383
191,-464.300507,431.531189,1052.900269,-470.420776,170.227737,1043.638916,-643.691406,354.63916,1085.633667,-642.251892,247.394943,1085.423462,-542.325623,487.448608,963.563416,-546.658691,122.800247,959.427307,-507.951782,440.014404,532.061279,-415.182709,150.215439,531.780884,-581.127686,383.236786,79.102486,-671.972534,206.439468,175.185425,-446.446075,356.252869,46.690708,-587.511475,198.489014,80.080246
192,-452.460968,432.002441,1052.838135,-458.13446,170.673935,1044.666504,-631.765625,354.519348,1086.325928,-630.229553,247.282532,1086.437744,-531.842468,487.292938,963.605225,-533.874634,122.502319,960.889832,-504.997284,439.778656,531.809692,-396.444214,149.894287,534.457886,-580.939941,382.960449,79.288475,-635.248169,206.928513,164.455139,-446.40506,356.109558,46.694786,-545.375122,197.762039,75.254601
193,-440.675781,432.398895,1052.529297,-445.870026,171.069778,1045.345215,-619.842957,354.342926,1086.73938,-618.220703,247.125595,1087.156372,-521.330261,487.126251,963.44519,-521.296997,122.211098,961.880859,-501.854828,439.523499,531.531311,-378.35968,149.625885,536.688843,-580.730103,382.695374,79.488716,-597.59021,207.159821,153.711227,-446.35083,355.952881,46.696915,-502.795776,197.007813,70.697838
194,-428.923187,432.723633,1051.975342,-433.613953,171.411606,1045.664429,-607.907715,354.110352,1086.870117,-606.20752,246.923996,1087.56958,-510.771057,486.951813,963.089172,-508.848907,121.926292,962.39325,-498.515259,439.260834,531.21759,-360.907959,149.411301,538.440979,-580.505493,382.447235,79.700531,-559.02179,207.119064,143.209244,-446.288696,355.788574,46.693398,-459.797272,196.178925,66.613808
195,-417.180969,432.980164,1051.17981,-421.352753,171.696106,1045.619629,-595.94458,353.822998,1086.717773,-594.172363,246.678177,1087.671387,-500.148407,486.772156,962.544128,-496.467102,121.647049,962.445129,-494.973022,439.00177,530.861572,-344.060944,149.249893,539.694275,-580.27179,382.219055,79.921661,-519.595093,206.796997,133.194168,-446.223755,355.621796,46.681446,-416.416534,195.241959,63.199745
196,-405.426605,433.171967,1050.148926,-409.072968,171.920441,1045.21228,-583.938599,353.482941,1086.28479,-582.097778,246.389236,1087.460693,-489.446991,486.588959,961.817871,-484.114929,121.371727,962.073792,-491.224701,438.755981,530.457947,-327.783081,149.139343,540.442261,-580.032837,382.011108,80.150551,-479.396698,206.19046,123.89109,-446.160797,355.456757,46.65918,-372.712006,194.178726,60.639545
197,-393.637695,433.302643,1048.890625,-396.761108,172.082169,1044.449951,-571.875,353.093018,1085.577637,-569.966736,246.058807,1086.94043,-478.652313,486.403046,960.918579,-471.782654,121.098442,961.32605,-487.26767,438.53125,530.003052,-312.030823,149.075623,540.691528,-579.790466,381.821442,80.386497,-438.552704,205.303787,115.495964,-446.104187,355.296875,46.62558,-328.771942,192.985977,59.094894
198,-381.792236,433.375458,1047.415405,-384.403839,172.179352,1043.346191,-559.739502,352.656616,1084.605713,-557.762756,245.689056,1086.118408,-467.750458,486.214203,959.855103,-459.476379,120.825951,960.247803,-483.098755,438.332947,529.49469,-296.75235,149.053177,540.461487,-579.544617,381.646637,80.629776,-397.232422,204.150299,108.166763,-446.057678,355.144806,46.580521,-284.721924,191.673813,58.694485
199,-369.868927,433.393372,1045.735718,-371.987976,172.21051,1041.920776,-547.518188,352.177734,1083.381592,-545.470032,245.282578,1085.00647,-456.727875,486.021271,958.636536,-447.200714,120.554337,958.875366,-478.713043,438.16391,528.931824,-281.887695,149.065155,539.78363,-579.293579,381.483124,80.881821,-355.650085,202.753769,102.015686,-446.023987,355.00296,46.524876,-240.73056,190.263626,59.521976
200,-357.847351,433.358826,1043.866211,-359.500519,172.174622,1040.19873,-535.197693,351.660736,1081.921021,-533.073547,244.842285,1083.621216,-445.571106,485.822174,957.2724,-434.942322,120.285362,957.230896,-474.102814,438.024414,528.314331,-267.368988,149.103745,538.700439,-579.034485,381.328217,81.14537,-314.064026,201.149277,97.103043,-446.004272,354.87381,46.460693,-197.012482,188.78566,61.604214
201,-345.708374,433.273712,1041.823608,-346.928802,172.071091,1038.210693,-522.765259,351.110352,1080.242554,-520.559509,244.371368,1081.982788,-434.266602,485.613739,955.7724,-422.661011,120.022026,955.322388,-469.256561,437.912292,527.642456,-253.121552,149.160568,537.263855,-578.763855,381.18158,81.424812,-272.773193,199.383545,93.433517,-445.99765,354.76062,46.391384,-153.827713,187.276688,64.901268
202,-333.434387,433.139191,1039.626221,-334.260529,171.899689,1035.991821,-510.208984,350.531433,1078.367554,-507.914948,243.873123,1080.115356,-422.80072,485.391876,954.146362,-410.292053,119.767387,953.147888,-464.158051,437.823273,526.916565,-239.06514,149.227066,535.533691,-578.478271,381.046021,81.726639,-232.110138,197.513916,90.955338,-446.000336,354.667694,46.321823,-111.477043,185.777985,69.30014
203,-321.009399,432.95575,1037.2948,-321.484039,171.660553,1033.581299,-497.517792,349.928772,1076.319336,-495.128601,243.350861,1078.046387,-411.159607,485.151672,952.404602,-397.760559,119.522636,950.702942,-458.785492,437.751221,526.136658,-225.115967,149.295059,533.5755,-578.174683,380.928101,82.060143,-192.43074,195.606583,89.562973,-446.005371,354.600769,46.258293,-70.292892,184.333588,74.613647
204,-308.419525,432.723206,1034.851318,-308.588257,171.354095,1031.021973,-484.681732,349.307068,1074.124023,-482.190552,242.807755,1075.806641,-399.329529,484.887329,950.557556,-385.00296,119.284821,947.988831,-453.110992,437.688934,525.302185,-211.189087,149.357086,531.458801,-577.850525,380.837921,82.438255,-154.10112,193.733307,89.103424,-446.002045,354.566864,46.208103,-30.626299,182.989136,80.585602
205,-295.652985,432.440613,1032.31958,-295.563171,170.980972,1028.358887,-471.69223,348.670776,1071.808838,-469.092651,242.246765,1073.428955,-387.296783,484.592407,948.616089,-371.988281,119.045151,945.020447,-447.099823,437.628357,524.41156,-197.201157,149.40686,529.254517,-577.503479,380.788849,82.878578,-117.482025,191.967422,89.385986,-445.976196,354.573975,46.178925,7.169507,181.791061,86.902657
206,-282.7005,432.106476,1029.724487,-282.399719,170.542038,1025.639282,-458.542236,348.023773,1069.402954,-455.828674,241.670441,1070.948608,-375.048279,484.259918,946.591492,-358.730957,118.788658,941.832458,-440.710205,437.561554,523.462158,-183.073471,149.43959,527.03302,-577.130554,380.796082,83.404373,-82.911751,190.379074,90.195061,-445.910767,354.630157,46.177692,42.75761,180.785583,93.212593
207,-269.555389,431.718811,1027.092529,-269.090302,170.038345,1022.910706,-445.226471,347.369446,1066.936401,-442.394409,241.080902,1068.401855,-362.571716,483.882599,944.495789,-345.289917,118.495903,938.482178,-433.893097,437.481049,522.450012,-168.735107,149.452194,524.861572,-576.726501,380.875397,84.045517,-50.688953,189.030121,91.305023,-445.786987,354.742523,46.209267,75.836662,180.017181,99.147507
208,-256.213745,431.275208,1024.450684,-255.628784,169.471039,1020.220886,-431.74173,346.710327,1064.440063,-428.787964,240.479675,1065.826416,-349.856201,483.452942,942.341553,-331.75296,118.146294,935.048645,-426.592285,437.380432,521.370178,-154.125946,149.44342,522.802734,-576.281799,381.041229,84.839195,-21.056669,187.969574,92.495979,-445.586548,354.91571,46.274883,106.159302,179.526108,104.349976
209,-242.674683,430.773041,1021.826782,-242.01091,168.8414,1017.616394,-418.086945,346.048218,1061.945068,-415.009705,239.86763,1063.259766,-336.892609,482.963593,940.142334,-318.209717,117.722153,931.62677,-418.744781,437.254974,520.216675,-139.199493,149.413803,520.911865,-575.779724,381.305054,85.830177,5.811049,187.22963,93.568993,-445.293884,355.15036,46.370674,133.548172,179.344818,108.499504
210,-228.940308,430.209625,1019.249023,-228.234436,168.150833,1015.141785,-404.26358,345.383942,1059.482422,-401.062561,239.244904,1060.739502,-323.674103,482.40744,937.91272,-304.720612,117.212044,928.317871,-410.281769,437.101715,518.982849,-123.92524,149.365585,519.236145,-575.193298,381.673798,87.070518,29.818426,186.823166,94.359322,-444.898987,355.441895,46.486572,167.694794,175.314117,123.430389
211,-215.015915,429.582367,1016.745544,-214.299347,167.400803,1012.838684,-390.275574,344.717377,1057.082886,-386.951965,238.610947,1058.302002,-310.196777,481.777954,935.668396,-291.290497,116.61216,925.217529,-401.12973,436.919983,517.661926,-108.290497,149.302353,517.812683,-574.482117,382.148865,88.618668,50.952271,186.742844,94.746452,-444.400024,355.779297,46.605911,183.03363,176.670578,119.752235
212,-200.909866,428.888916,1014.344421,-200.208069,166.592911,1010.744995,-376.129547,344.047302,1054.776245,-372.685883,237.964401,1055.982422,-296.459869,481.069458,933.42627,-277.855743,115.925117,922.406067,-391.212189,436.711182,516.247681,-92.301498,149.228821,516.66803,-573.589355,382.725708,90.537819,69.28067,186.961975,94.659828,-443.804749,356.144806,46.706146,197.008774,178.099335,115.549217
213,-186.633652,428.127411,1012.072998,-185.965622,165.728836,1008.894287,-361.8349,343.371643,1052.591064,-358.274902,237.303253,1053.813965,-282.46637,480.277222,931.204712,-264.290619,115.156754,919.943909,-380.451752,436.478821,514.735107,-75.983864,149.150299,515.817444,-572.439026,383.394165,92.893578,84.946144,187.437241,94.079956,-443.130981,356.514404,46.760929,209.626801,179.59848,110.832169
214,-172.201691,427.296509,1009.957703,-171.579651,164.81041,1007.315002,-347.403595,342.687347,1050.554565,-343.732025,236.624771,1051.827148,-268.223175,479.397858,929.023315,-250.432709,114.312202,917.874817,-368.772644,436.22821,513.121582,-59.382172,149.072281,515.264709,-570.934998,384.139526,95.750961,98.153763,188.112701,93.034721,-442.404327,356.859009,46.743782,220.905411,181.162903,105.630417
215,-157.631149,426.395599,1008.023865,-157.060547,163.839554,1006.03009,-332.85022,341.99054,1048.691895,-329.072601,235.925735,1050.049927,-253.741302,478.429321,926.903198,-236.122742,113.39286,916.235901,-356.103668,435.966064,511.407745,-42.558929,149,515.002747,-568.960632,384.94397,99.170883,109.155518,188.925095,91.591721,-441.653503,357.147003,46.633213,230.878464,182.782822,100.000298
216,-142.941635,425.424896,1006.294983,-142.421326,162.818359,1005.056702,-318.19165,341.276672,1047.026245,-314.314117,235.202438,1048.506592,-239.035858,477.371185,924.866577,-221.247849,112.395409,915.069397,-342.380981,435.699829,509.598694,-25.592745,148.937943,515.013977,-566.380493,385.788422,103.206207,118.232368,189.809387,89.847458,-440.902557,357.347229,46.418972,239.598679,184.443115,94.029793
217,-128.154907,424.385437,1004.792847,-127.677597,161.7491,1004.405884,-303.446991,340.54068,1045.578491,-299.475983,234.450882,1047.21814,-224.125961,476.224792,922.936951,-205.776169,111.313156,914.429138,-327.551514,435.437347,507.705017,-8.575955,148.889481,515.271545,-563.04364,386.654114,107.897743,125.675804,190.704346,87.914948,-440.160156,357.432831,46.108753,247.137756,186.123428,87.838142
218,-113.294418,423.279205,1003.536926,-112.847351,160.634186,1004.082581,-288.636963,339.777283,1044.366577,-284.579132,233.666946,1046.201538,-209.034439,474.993103,921.13855,-189.772079,110.139381,914.375305,-311.575745,435.186005,505.743896,8.388229,148.856598,515.740906,-558.789063,387.524078,113.270264,131.770615,191.557419,85.911064,-439.406952,357.385345,45.734283,253.583801,187.799118,81.570305
219,-98.384819,422.109039,1002.544189,-97.950722,159.476212,1004.085876,-273.783691,338.980988,1043.406006,-269.645691,232.846573,1045.469971,-193.787369,473.680939,919.496338,-173.386932,108.871262,914.956177,-294.430573,434.952423,503.739899,25.18899,148.839615,516.38147,-553.451721,388.38382,119.328857,136.780334,192.328339,83.945152,-438.582153,357.198364,45.355606,259.037048,189.442871,75.387207
220,-83.451454,420.878662,1001.828796,-83.009644,158.277985,1004.409058,-258.910187,338.146576,1042.709106,-254.698624,231.985962,1045.032104,-178.413544,472.294769,918.0354,-156.827667,107.512825,916.182739,-276.111328,434.741821,501.725586,41.711376,148.837097,517.148376,-546.870544,389.221497,126.055946,140.936371,192.99118,82.109917,-437.571228,356.880676,45.062199,263.604645,191.026535,69.453316
221,-68.519836,419.59259,1001.401978,-68.047531,157.042496,1005.040039,-244.039825,337.269287,1042.285034,-239.761276,231.081741,1044.892822,-162.94368,470.842682,916.780396,-140.312317,106.07531,918.006775,-256.633514,434.55777,499.741577,57.839909,148.845856,517.994934,-538.896301,390.027222,133.408997,144.431473,193.534821,80.475372,-436.197083,356.457977,44.969837,267.395264,192.523178,63.923405
222,-53.615017,418.255981,1001.271545,-53.088783,155.772903,1005.962036,-229.195892,336.345001,1042.140015,-224.856903,230.131226,1045.052734,-147.409729,469.334229,915.755371,-124.025459,104.574799,920.313293,-236.033386,434.402069,497.836426,73.462151,148.861038,518.874634,-529.399109,390.792114,141.319229,147.417358,193.961655,79.086075,-434.216461,355.972931,45.212585,270.514465,193.908737,58.930229
223,-38.761089,416.874634,1001.442017,-38.158382,154.472565,1007.15387,-214.400986,335.370575,1042.276611,-210.008224,229.132523,1045.508301,-131.844025,467.780151,914.982788,-108.085609,103.028137,922.934387,-214.367859,434.274719,496.065674,88.47216,148.876373,519.743347,-518.274963,391.506744,149.691315,150.006104,194.285034,77.961449,-431.324066,355.483459,45.929928,273.061005,195.163483,54.574623
224,-23.980633,415.454651,1001.914246,-23.281376,153.144974,1008.590759,-199.67659,334.343964,1042.694458,-195.237045,228.084732,1046.252075,-116.278381,466.192261,914.482971,-92.532249,101.449272,925.680115,-191.713303,434.174194,494.490479,102.77359,148.88443,520.560913,-505.45047,392.159882,158.404236,152.274628,194.525864,77.098602,-427.164459,355.058563,47.250156,275.124237,196.272858,50.919121
225,-9.294251,414.002533,1002.685364,-8.482373,151.793808,1010.245117,-185.042587,333.264557,1043.389648,-180.563766,226.988098,1047.272949,-100.743317,464.582977,914.273438,-77.334213,99.847931,928.37677,-168.163651,434.097626,493.17569,116.282509,148.877014,521.293213,-490.885498,392.737518,167.313187,154.270996,194.708786,76.476959,-421.352325,354.772614,49.271896,276.782959,197.228012,47.985466
226,5.279853,412.524811,1003.748718,6.214925,150.422852,1012.086975,-170.516861,332.133148,1044.354614,-166.007034,225.844131,1048.556396,-85.267273,462.965179,914.368225,-62.415699,98.231239,930.899536,-143.827606,434.04129,492.187164,128.929626,148.845581,521.913086,-474.573242,393.222443,176.252609,156.021835,194.858582,76.063782,-413.498657,354.697815,52.046524,278.105042,198.025848,45.75605
227,19.726206,411.028046,1005.093689,20.788202,149.036011,1014.084839,-156.11496,330.952179,1045.578735,-151.583466,224.655624,1050.084229,-69.875938,461.351868,914.777161,-47.692272,96.607605,933.189392,-118.825333,434.000916,491.58905,140.662064,148.781631,522.401123,-456.538055,393.594666,185.040314,157.53981,194.997147,75.819771,-403.240509,354.896179,55.564411,279.147858,198.668808,44.178703
228,34.032303,409.518616,1006.705872,35.216961,147.637253,1016.206543,-141.849854,329.725708,1047.047974,-137.307327,223.426758,1051.835449,-54.59174,459.755798,915.505249,-33.10714,94.990814,935.250916,-93.284805,433.972137,491.440399,151.444397,148.6772,522.746277,-436.831451,393.832428,193.482574,158.830414,195.141464,75.704124,-390.270294,355.41153,59.747692,279.959412,199.164307,43.174034
229,48.188763,408.002747,1008.567078,49.482895,146.230621,1018.419373,-127.731766,328.459442,1048.744995,-123.190361,222.16301,1053.786621,-39.433449,458.189209,916.552063,-18.657467,93.40229,937.135132,-67.338028,433.950745,491.792053,161.259186,148.525146,522.945129,-415.526489,393.914124,201.380142,159.897491,195.302475,75.678543,-374.360565,356.262848,64.451294,280.579529,199.524063,42.644272
230,62.189369,406.486206,1010.655334,63.570221,144.820221,1020.691101,-113.768097,327.160614,1050.64917,-109.241669,220.871216,1055.911377,-24.415937,456.663574,917.911316,-4.402676,91.870163,938.915405,-41.11742,433.9328,492.683319,170.106873,148.319519,523.001831,-392.711273,393.820374,208.53511,160.747421,195.485016,75.709991,-355.38092,357.440216,69.472641,281.041382,199.763153,42.482552
231,76.031044,404.974548,1012.945068,77.465935,143.410156,1022.990173,-99.963409,325.837891,1052.736816,-95.467644,219.559372,1058.181763,-9.550115,455.189331,919.570618,9.548025,90.425026,940.664185,-14.7526,433.914673,494.139343,178.005035,148.055786,522.926819,-368.482361,393.536255,214.758072,161.391556,195.688492,75.772202,-333.305176,358.903778,74.568817,281.372772,199.899048,42.58168
232,89.713707,403.472748,1015.407349,91.159981,142.004501,1025.286255,-86.319542,324.501221,1054.981323,-81.871956,218.236603,1060.567749,5.156974,453.775635,921.511047,23.065132,89.094139,942.436218,11.632339,433.893036,496.168945,184.987305,147.730942,522.735657,-342.938477,393.053223,219.875443,161.847229,195.908173,75.846031,-308.207703,360.586426,79.478722,281.597595,199.950485,42.84166
233,103.240082,401.985443,1018.010254,104.645378,140.607361,1027.550537,-72.835762,323.16156,1057.353271,-68.455681,216.912964,1063.038208,19.701939,452.430359,923.707458,36.036385,87.896019,944.26062,37.920891,433.864471,498.76297,191.101715,147.343613,522.447632,-316.174713,392.370483,223.736526,162.137497,196.136703,75.918938,-280.250732,362.399933,83.946884,281.736694,199.936462,43.175453
234,116.61544,400.516937,1020.719116,117.918251,139.222717,1029.755737,-59.508972,321.830719,1059.821045,-55.217361,215.599182,1065.560669,34.084709,451.15976,926.128418,48.401245,86.837639,946.139832,64.005524,433.825348,501.893829,196.408752,146.893967,522.084534,-288.278046,391.495728,226.219666,162.289886,196.365662,75.983955,-249.664719,364.243683,87.745667,281.808716,199.875259,43.512737
235,129.84729,399.071014,1023.497009,130.977798,137.854538,1031.876709,-46.333965,320.520966,1062.350708,-42.15324,214.306595,1068.102173,48.308117,449.968567,928.736755,60.172123,85.914993,948.053772,89.788422,433.771484,505.515686,200.979248,146.383667,521.668701,-259.323639,390.444763,227.237411,162.334534,196.586884,76.038353,-216.724838,366.015015,90.692986,281.830505,199.783554,43.801704
236,142.945053,397.651245,1026.305176,143.826187,136.506622,1033.890381,-33.303734,319.244812,1064.906494,-29.257416,213.046753,1070.629395,62.37743,448.860016,931.48999,71.435997,85.116272,949.966675,115.181679,433.697906,509.565491,204.892059,145.815704,521.222168,-229.372589,389.240753,226.740173,162.301987,196.793533,76.082253,-181.726852,367.619965,92.66394,281.817505,199.675842,44.009079
237,155.919662,396.260864,1029.10376,156.46843,135.182648,1035.775513,-20.409758,318.014709,1067.451416,-16.52211,211.831299,1073.109375,76.299889,447.835632,934.341187,82.335716,84.425766,951.834778,140.107101,433.598694,513.965027,208.23175,145.194153,520.765503,-198.470734,387.912598,224.718384,162.221115,196.980621,76.117477,-144.965134,368.982483,93.595749,281.783478,199.56395,44.11866
238,168.783325,394.902802,1031.851929,168.912155,133.886063,1037.513306,-7.642308,316.842682,1069.947632,-3.937891,210.671631,1075.509155,90.084221,446.89563,937.239746,93.036537,83.826515,953.613892,164.495651,433.466919,518.623291,211.086243,144.523956,520.31665,-166.648514,386.492981,221.203262,162.117233,197.145233,76.146622,-106.7146,370.05188,93.486671,281.740509,199.45697,44.128822
239,181.549072,393.579865,1034.509521,181.167404,132.620132,1039.086914,5.009279,315.740204,1072.357056,8.506072,209.578705,1077.796875,103.74025,446.038666,940.132629,103.688354,83.300751,955.266418,188.286926,433.294769,523.439819,213.544647,143.810776,519.890381,-133.92189,385.016327,216.266098,162.010696,197.286469,76.172379,-67.218018,370.807098,92.390312,281.6987,199.361206,44.049309
240,194.230545,392.294617,1037.036621,193.246445,131.387787,1040.481689,17.556335,314.717682,1074.64209,20.821777,208.56279,1079.942017,117.278496,445.262329,942.965454,114.395355,82.829002,956.765991,211.428589,433.073822,528.307739,215.695267,143.060745,519.497803,-100.294327,383.517059,210.016403,161.916092,197.404999,76.197205,-26.678799,371.257751,90.407158,281.665833,199.280396,43.897747
241,206.84169,391.049408,1039.39502,205.163391,130.191635,1041.684937,30.010654,313.784515,1076.765625,33.022167,207.633194,1081.915527,130.709946,444.562927,945.683594,125.201462,82.389778,958.099487,233.875992,432.795258,533.117676,217.623871,142.280334,519.146301,-65.75959,382.027832,202.599152,161.842072,197.502701,76.223091,14.740873,371.44165,87.675125,281.6474,199.216034,43.696156
242,219.396561,389.846466,1041.548462,216.934097,129.033936,1042.686279,42.384315,312.948578,1078.692871,45.120941,206.798111,1083.690308,144.045853,443.935974,948.233643,136.093826,81.961128,959.265808,255.592117,432.450439,537.761169,219.412109,141.476288,518.839355,-30.305559,380.578613,194.191071,161.791718,197.582108,76.251518,56.917358,371.419647,84.360725,281.646332,199.16777,43.467709
243,231.909103,388.687866,1043.463867,228.575836,127.916557,1043.477051,54.689575,312.21637,1080.390625,57.132381,206.064423,1085.241699,157.297577,443.37616,950.564697,147.02034,81.523933,960.271729,276.547821,432.031403,542.134155,221.136337,140.655502,518.57666,6.081157,379.195648,184.996368,161.763535,197.646133,76.283432,99.759338,371.267822,80.651627,281.6633,199.133743,43.233997
244,244.393082,387.57547,1045.11145,240.107101,126.840912,1044.050659,66.938766,311.592529,1081.829102,69.07122,205.4375,1086.547974,170.476654,442.877655,952.629517,157.91362,81.065598,961.12616,296.722382,431.531281,546.140503,222.866669,139.825104,518.354797,43.409779,377.901367,175.241531,161.75267,197.697754,76.319267,143.199127,371.06839,76.750931,281.696869,199.111023,43.012844
245,256.861938,386.510925,1046.465576,251.547379,125.808006,1044.402588,79.144325,311.080078,1082.981689,80.95256,204.921143,1087.590088,183.594711,442.434235,954.385742,168.713989,80.582863,961.834351,316.104462,430.944794,549.694519,224.666412,138.992416,518.167236,81.679245,376.714264,165.16954,161.752457,197.739975,76.358994,187.18251,370.899994,72.872749,281.74408,199.095886,42.816837
246,269.328796,385.495758,1047.505615,262.917053,124.818451,1044.530029,91.318764,310.680115,1083.826172,92.791756,204.517471,1088.352417,196.663681,442.039551,955.796814,179.386215,80.083481,962.392517,334.693024,430.268707,552.72406,226.591583,138.165039,518.004944,120.871597,375.648743,155.032867,161.755951,197.775864,76.402245,231.658081,370.828308,69.238274,281.800842,199.084274,42.652607
247,281.806396,384.53125,1048.215576,274.237183,123.872467,1044.432129,103.474739,310.391968,1084.344849,104.604401,204.226852,1088.82312,209.695801,441.687256,956.83313,189.927887,79.586876,962.785156,352.498779,429.502106,555.172119,228.690887,137.350937,517.857056,160.94516,374.715424,145.0858,161.757278,197.808777,76.448425,276.56662,370.898315,66.071159,281.86261,199.072144,42.520878
248,294.307159,383.618439,1048.585205,285.529358,122.969933,1044.110107,115.62516,310.213074,1084.525146,116.406288,204.047943,1088.993896,222.703812,441.371307,957.472839,200.368958,79.122894,962.984802,369.545044,428.646484,556.998901,231.005783,136.558395,517.711365,201.827805,373.920898,135.575455,161.752869,197.842499,76.497002,321.831299,371.12851,63.591351,281.924866,199.055893,42.417191
249,306.843201,382.75824,1048.609863,296.815643,122.110497,1043.56665,127.783218,310.139221,1084.359619,128.213409,203.977661,1088.860474,235.70105,441.085999,957.701904,210.76413,78.727348,962.956482,385.868866,427.705841,558.182556,233.570862,135.796082,517.554626,243.41098,373.267517,126.732124,161.742096,197.881607,76.547821,367.348999,371.508301,62.006428,281.983673,199.032776,42.333267
250,319.426392,381.951324,1048.291016,308.118378,121.293625,1042.806519,139.962555,310.16452,1083.846924,140.04187,204.011307,1088.422729,248.701492,440.826202,957.515259,221.180176,78.43354,962.665344,401.521454,426.686462,558.719788,236.414261,135.072983,517.373474,285.544586,372.75293,118.759094,161.727722,197.931473,76.601524,412.983246,371.998413,61.500381,282.036011,199.001328,42.258808
251,332.068329,381.198242,1047.635742,319.460175,120.518707,1041.836426,152.177231,310.281616,1082.991211,151.907974,204.142654,1087.68457,261.719879,440.587524,956.916199,231.682205,78.261818,962.08667,416.568237,425.59668,558.625977,239.558441,134.398209,517.154602,328.033905,372.369476,111.822433,161.715729,197.998367,76.65995,458.559052,372.534668,62.220081,282.079987,198.961609,42.183453
252,344.780487,380.49942,1046.656982,330.863617,119.785172,1040.664429,164.441879,310.481873,1081.80249,163.828079,204.364075,1086.654053,274.771637,440.366455,955.91687,242.322037,78.21122,961.21405,431.088196,424.446594,557.93396,243.021011,133.780838,516.885376,370.638489,372.103607,106.041679,161.71489,198.089294,76.726608,503.860321,373.034668,64.260475,282.114929,198.915268,42.098694
253,357.574127,379.855194,1045.373413,342.351288,119.092598,1039.300903,176.771652,310.755493,1080.296265,175.818588,204.666763,1085.343262,287.872864,440.1604,954.537781,253.131638,78.257805,960.063782,445.172455,423.247498,556.693359,246.815674,133.229568,516.554199,413.074127,371.935303,101.482109,161.73587,198.211517,76.80706,548.629822,373.406403,67.650192,282.141632,198.865372,41.999489
254,370.460297,379.265839,1043.808838,353.945465,118.440819,1037.75769,189.182129,311.091919,1078.494019,187.895828,205.040924,1083.768066,301.04007,439.967773,952.807434,264.122253,78.361305,958.672546,458.922241,422.011475,554.968018,250.953308,132.752411,516.150818,455.017914,371.837921,98.149567,161.790253,198.37207,76.909256,592.572449,373.558136,72.339462,282.162109,198.815933,41.885277
255,383.449768,378.731689,1041.991943,365.667938,117.830002,1036.04834,201.689301,311.47998,1076.421631,200.075958,205.475967,1081.948242,314.290161,439.788025,950.761597,275.2883,78.478035,957.090515,472.445923,420.751007,552.833984,255.443237,132.356201,515.66687,496.116638,371.778259,95.988739,161.889343,198.576843,77.043808,635.361572,373.407837,78.192497,282.179749,198.771194,41.76033
256,396.553009,378.253021,1039.955811,377.539795,117.260757,1034.187988,214.309326,311.908173,1074.110352,212.374741,205.960831,1079.906616,327.639923,439.621643,948.442383,286.613281,78.574707,955.371399,485.85556,419.478394,550.376465,260.294464,132.046188,515.095764,535.998779,371.717743,94.88533,162.043137,198.82959,77.224121,676.649658,372.891357,84.986282,282.199249,198.734726,41.633335
257,409.779999,377.830292,1037.736938,389.581024,116.734177,1032.193726,227.058319,312.36496,1071.594849,224.807388,206.484192,1077.669556,341.105896,439.470154,945.897522,298.076233,78.637474,953.562866,499.26297,418.205566,547.686462,265.516907,131.825623,514.433167,574.289307,371.613831,94.672638,162.259476,199.130875,77.466507,716.081482,371.967865,92.417068,282.226593,198.708542,41.516243
258,423.140045,377.46402,1035.375122,401.810303,116.251869,1030.08374,239.952011,312.839111,1068.913818,237.38826,207.03476,1075.265869,354.703888,439.335999,943.17926,309.656708,78.672981,951.699951,512.775513,416.943817,544.857605,271.122803,131.695251,513.677002,610.626343,371.422546,95.142303,162.543625,199.476852,77.790237,753.310669,370.622345,100.115028,282.268921,198.692154,41.422581
259,436.641693,377.154724,1032.912476,414.244629,115.815956,1027.878052,253.005432,313.319885,1066.108154,250.130646,207.601563,1072.726685,368.448547,439.222382,940.342712,321.338531,78.701759,949.802368,526.49176,415.703522,541.982422,277.127838,131.653122,512.827209,644.679932,371.101776,96.05867,162.898239,199.858322,78.217552,788.018799,368.864746,107.666588,282.334198,198.682037,41.365379
260,450.292267,376.903168,1030.392212,426.898834,115.429047,1025.597778,266.232452,313.797394,1063.221191,263.046356,208.174149,1070.084961,382.352997,439.13324,937.445251,333.112946,78.747772,947.876343,540.49762,414.494232,539.149231,283.552246,131.694214,511.885925,676.169556,370.614594,97.175812,163.324158,200.259903,78.773697,819.934204,366.726288,114.642769,282.430847,198.671387,41.355091
261,464.097839,376.710083,1027.858643,439.785248,115.094185,1023.265137,279.645325,314.262756,1060.297119,276.145538,208.742905,1067.375122,396.428192,439.07309,934.544556,344.981903,78.828949,945.919006,554.862427,413.324554,536.438904,290.421661,131.810501,510.857086,704.880493,369.933136,98.255684,163.821671,200.659683,79.486977,848.851196,364.253998,120.63092,282.567078,198.650299,41.39772
262,478.062805,376.576202,1025.355591,452.913391,114.81472,1020.903809,293.254211,314.708405,1057.380371,289.436249,209.29924,1064.632324,410.682678,439.046661,931.697937,356.961548,78.952736,943.924316,569.636536,412.20224,533.922546,297.767761,131.990891,509.746063,730.677002,369.04184,99.085823,164.392441,201.029434,80.388763,874.64563,361.50412,125.266846,282.75,198.606583,41.493488
263,492.189697,376.50235,1022.926025,466.289459,114.594231,1018.538025,307.066833,315.128174,1054.515137,302.924103,209.83577,1061.891968,425.121979,439.058929,928.960388,369.085297,79.117821,941.888245,584.848999,411.134216,531.659302,305.628418,132.221588,508.559326,753.510742,367.939972,99.494865,165.041977,201.335342,81.513451,897.286316,358.536224,128.263641,282.984619,198.526947,41.63625
264,506.478851,376.489105,1020.611023,479.916046,114.436333,1016.19281,321.087769,315.517578,1051.744019,316.612091,210.346481,1059.189331,439.748291,439.114777,926.383972,381.404449,79.320229,939.811523,600.506348,410.126678,529.695068,314.047729,132.486404,507.303955,773.423218,366.643005,99.364212,165.78244,201.539566,82.898308,916.839722,355.408478,129.434372,283.27298,198.398682,41.813786
265,520.928162,376.537018,1018.449036,493.791992,114.344543,1013.893555,335.318329,315.873749,1049.107788,330.500275,210.826843,1056.559082,454.56012,439.218811,924.016296,393.985077,79.560089,937.700867,616.592834,409.184998,528.061707,323.075409,132.767334,505.987183,790.542419,365.182159,98.634735,166.635605,201.602325,84.583122,933.46698,352.174774,128.70575,283.613342,198.211426,42.009052
266,535.533081,376.646301,1016.475403,507.911987,114.322105,1011.666138,349.756012,316.195496,1046.644043,344.585571,211.273911,1054.034546,469.552002,439.375153,921.899719,406.900238,79.845245,935.568115,633.070984,408.313751,526.776978,332.765778,133.045212,504.616089,805.072998,363.602814,97.3078,167.635666,201.484467,86.609581,947.413086,348.884308,126.121742,284.000061,197.959061,42.202332
267,550.286194,376.816925,1014.721436,522.266663,114.371803,1009.536011,364.394379,316.483459,1044.387451,358.861603,211.686264,1051.647095,484.714325,439.587372,920.070618,420.218597,80.189865,933.430359,649.883545,407.516541,525.844971,343.176605,133.300446,503.197449,817.28064,361.960754,95.440514,168.83165,201.150406,89.020363,958.988159,345.582336,121.836639,284.424103,197.641129,42.374249
268,565.177246,377.048462,1013.213989,536.842529,114.495811,1007.528564,379.22287,316.739838,1042.368286,373.318665,212.064026,1049.426636,500.033386,439.858124,918.558289,433.992889,80.608742,931.310486,666.955627,406.79599,525.257263,354.367188,133.513809,501.737549,827.472412,360.317749,93.136009,170.289185,200.570847,91.857895,968.543091,342.312225,116.098808,284.874817,197.26384,42.509373
269,580.193298,377.340027,1011.97522,551.621948,114.695541,1005.668518,394.226715,316.968384,1040.612671,387.943787,212.408783,1047.399902,515.491272,440.189117,917.38501,448.251251,81.109947,929.238647,684.197998,406.15329,524.993774,366.396484,133.667206,500.242432,835.974854,358.73584,90.529861,172.091202,199.72554,95.162842,976.441833,339.117523,109.22715,285.342834,196.839996,42.600285
270,595.318665,377.690186,1011.021973,566.583618,114.971504,1003.979431,409.387207,317.174194,1039.14209,402.720795,212.72348,1045.591431,531.066223,440.581024,916.56543,462.994171,81.689255,927.252991,701.510071,405.588348,525.024902,379.320618,133.744415,498.718323,843.111267,357.27179,87.774315,174.337631,198.605164,98.972275,983.033752,336.042938,101.583168,285.824707,196.38797,42.651672
271,610.535034,378.097076,1010.365784,581.70282,115.323227,1002.483765,424.681824,317.363495,1037.972778,417.630646,213.012177,1044.022095,546.732849,441.033325,916.106689,478.19754,82.328499,925.397766,718.783508,405.099335,525.31311,393.190613,133.731705,497.172211,849.181519,355.971771,85.022293,177.143814,197.212769,103.317703,988.62915,333.13385,93.541634,286.3284,195.929565,42.684101
272,625.821899,378.558167,1010.012756,596.951843,115.749168,1001.202209,440.084595,317.543488,1037.116455,432.65152,213.279922,1042.710083,562.462463,441.544281,916.008423,493.818939,82.998779,923.719604,735.905884,404.682831,525.81488,408.049591,133.618393,495.612732,854.445496,354.867279,82.412796,180.637527,195.564178,108.222885,993.481873,330.434418,85.462868,286.880463,195.486786,42.736908
273,641.156738,379.070496,1009.963684,612.300659,116.246735,1000.153564,455.566742,317.721924,1036.579468,447.759491,213.532471,1041.669556,578.22406,442.110901,916.263123,509.805237,83.667496,922.260803,752.763916,404.33371,526.482971,423.930481,133.397202,494.050934,859.111816,353.972382,80.059387,184.955002,193.687592,113.70163,997.779785,327.983704,77.669151,287.532959,195.07811,42.869709
274,656.515442,379.630524,1010.21405,627.717407,116.812279,999.35437,471.097046,317.906891,1036.363159,462.928772,213.776062,1040.911377,593.984314,442.729095,916.856873,526.0979,84.307465,921.051514,769.246887,404.045288,527.268188,440.853546,133.064453,492.501312,863.332947,353.283173,78.042587,190.235764,191.622406,119.755577,1001.644775,325.811768,70.426903,288.370728,194.714325,43.161877
275,671.872864,380.234192,1010.754517,643.169312,117.441132,998.818481,486.642761,318.106567,1036.4646,478.132355,214.017136,1040.442749,609.708862,443.393555,917.769653,542.635132,84.905426,920.102478,785.249695,403.80957,528.121582,458.824615,132.620163,490.982605,867.206055,352.778961,76.406784,196.61702,189.417328,126.372025,1005.140808,323.935455,63.935688,289.516663,194.39505,43.70956
276,687.203247,380.877075,1011.571167,658.623291,118.127754,998.556885,502.170349,318.328766,1036.876221,493.342682,214.26207,1040.26709,625.362854,444.097992,918.976318,559.351135,85.46756,919.400452,800.675415,403.617493,528.996338,477.833313,132.067886,489.518402,870.77948,352.425507,75.161278,204.227615,187.128006,133.521973,1008.287659,322.356171,58.324005,291.13504,194.106216,44.619949
277,702.480591,381.554413,1012.645996,674.046692,118.865845,998.577454,517.646118,318.58075,1037.586304,508.531982,214.516891,1040.384399,640.91156,444.835205,920.44751,576.173279,86.019821,918.909668,815.437927,403.459564,529.849487,497.852386,131.41449,488.137482,874.062866,352.179413,74.284912,213.182358,184.814346,141.158295,1011.078064,321.05899,53.651196,293.431213,193.819107,46.002777
278,717.679565,382.261139,1013.957458,689.408203,119.648499,998.884644,533.03717,318.868896,1038.57959,523.673157,214.787079,1040.790894,656.321472,445.597351,922.150635,593.019714,86.602234,918.579651,829.463989,403.32608,530.643555,518.837402,130.669678,486.87381,877.039429,351.993591,73.733208,223.576935,182.537628,149.214264,1013.493835,320.014771,49.914459,296.6474,193.491577,47.959602
279,732.775574,382.992157,1015.480896,704.678467,120.468399,999.479492,548.312317,319.198517,1039.837646,538.740295,215.077301,1041.479614,671.560669,446.376007,924.05072,609.798889,87.25798,918.359253,842.69458,403.207825,531.347412,540.727173,129.845581,485.765869,879.678955,351.822479,73.446754,235.484009,180.357742,157.602554,1015.519897,319.183746,47.059464,301.053986,193.071289,50.571632
280,747.745544,383.742218,1017.189453,719.830566,121.318016,1000.359131,563.442383,319.573578,1041.339233,553.708984,215.391251,1042.440186,686.599792,447.162476,926.111267,626.41272,88.020126,918.213196,855.086121,403.096497,531.9375,563.444946,128.956146,484.855682,881.949829,351.626953,73.359802,248.950653,178.330399,166.214737,1017.153931,318.520691,44.993149,306.936981,192.500778,53.887482
281,762.568298,384.506226,1019.054321,734.840881,122.189812,1001.516907,578.401489,319.996521,1043.060791,568.557312,215.731506,1043.65918,701.412354,447.947998,928.295532,642.763611,88.899887,918.136963,866.611145,402.985046,532.397888,586.900391,128.016556,484.187317,883.828308,351.377808,73.407867,263.997406,176.504623,174.921646,1018.410645,317.980286,43.597351,314.582184,191.724106,57.912342
282,777.224976,385.279266,1021.045532,749.68927,123.076439,1002.942444,593.167175,320.468262,1044.976807,583.265808,216.099396,1045.119995,715.975525,448.723999,930.567017,658.764526,89.88015,918.164063,877.258179,402.868164,532.720459,610.991943,127.042725,483.805023,885.305908,351.058014,73.533829,280.618958,174.920578,183.574677,1019.322388,317.521851,42.741959,324.257843,190.693817,62.600155
283,791.699219,386.056763,1023.132446,764.359558,123.970932,1004.621277,607.721008,320.987976,1047.060303,597.817993,216.494949,1046.803711,730.270203,449.482269,932.890381,674.349182,90.916344,918.363403,887.031311,402.742462,532.904297,635.60968,126.050682,483.750824,886.392761,350.66333,73.69191,298.786346,173.607681,192.008224,1019.935913,317.112579,42.29665,336.197266,189.377808,67.850197
284,805.977539,386.834442,1025.284302,778.8396,124.866852,1006.535156,622.049072,321.553253,1049.283447,612.200745,216.91687,1048.688354,744.281433,450.21521,935.232056,689.481262,91.944496,918.826721,895.94873,402.606506,532.955017,660.638306,125.056198,484.062408,887.118103,350.201172,73.849594,318.450226,172.583267,200.043503,1020.306946,316.729279,42.140385,350.58374,187.764694,73.508904
285,820.049377,387.608551,1027.470825,793.121582,125.758446,1008.662231,636.142029,322.159943,1051.617432,626.404358,217.36264,1050.750244,757.998474,450.916046,937.560852,704.159485,92.894257,919.648315,904.041748,402.460999,532.883728,685.960388,124.074387,484.770508,887.52832,349.68866,73.987587,339.545258,171.851898,207.4935,1020.494324,316.358246,42.168251,367.539093,185.867065,79.377151
286,833.90741,388.375793,1029.662231,807.201843,126.640717,1010.976929,649.995178,322.80246,1054.033203,640.422424,217.828506,1052.963257,771.414917,451.578918,939.848022,718.417664,93.703163,920.903198,911.352173,402.308411,532.705688,711.459473,123.119461,485.89679,887.682556,349.149414,74.098183,361.994965,171.405136,214.169373,1020.554382,315.99408,42.295509,387.117462,183.721985,85.22245
287,847.547302,389.133545,1031.829956,821.080566,127.509514,1013.450439,663.608521,323.473694,1056.501709,654.252136,218.309586,1055.299438,784.528564,452.199066,942.067993,732.319702,94.328224,922.628967,917.930847,402.152985,532.438843,737.022705,122.204552,487.451935,887.647034,348.610168,74.18264,385.716736,171.222275,219.887466,1020.536499,315.637573,42.458996,409.304626,181.388565,90.794777
288,860.967773,389.879639,1033.947021,834.762024,128.361542,1016.050964,676.986633,324.165405,1058.994141,667.894104,218.800095,1057.729736,797.341064,452.772919,944.19812,745.949585,94.751877,924.816345,923.834778,402.000305,532.102722,762.543335,121.341568,489.434357,887.489075,348.097046,74.247986,410.626709,171.271606,224.477051,1020.480591,315.293121,42.616238,434.02301,178.942642,95.844376
289,874.170471,390.612488,1035.987671,848.253601,129.194382,1018.743958,690.138,324.868286,1061.481934,681.351807,219.293457,1060.223633,809.857971,453.298157,946.218933,759.399292,94.981369,927.410889,929.125488,401.857056,531.717102,787.922485,120.541191,491.829193,887.271179,347.632629,74.303848,436.644409,171.512375,227.787964,1020.415771,314.966766,42.742897,461.141052,176.469376,100.13958
290,887.15979,391.331085,1037.928345,861.565857,130.006363,1021.492676,703.075134,325.572327,1063.9375,694.631958,219.782471,1062.74939,822.088135,453.773621,948.113831,772.75647,95.042809,930.323486,933.866333,401.73053,531.300842,813.070679,119.812805,494.608337,887.045898,347.233398,74.359718,463.696594,171.897202,229.697784,1020.360779,314.664185,42.82914,490.486176,174.05452,103.482788
291,899.942566,392.034912,1039.747192,874.711975,130.7966,1024.258789,715.813721,326.266907,1066.333984,707.743652,220.259567,1065.275269,834.043335,454.199463,949.869263,786.094116,94.973022,933.447449,938.120972,401.628326,530.871155,837.908386,119.164513,497.730713,886.852844,346.908173,74.422882,491.720459,172.374878,230.11795,1020.325623,314.38974,42.8755,521.859192,171.775543,105.723267
292,912.527893,392.723907,1041.424194,887.707214,131.564804,1027.002441,728.372131,326.941223,1068.645874,720.698242,220.716949,1067.768921,845.738098,454.576843,951.474365,799.465027,94.812073,936.675537,941.951904,401.557922,530.442749,862.366821,118.603096,501.143402,886.716492,346.657806,74.497246,520.666016,172.893173,228.99852,1020.313782,314.145905,42.888905,555.049072,169.693649,106.7658
293,924.92688,393.398376,1042.94165,900.568298,132.311188,1029.683472,740.770935,327.584473,1070.848633,733.508972,221.146866,1070.198242,857.188904,454.908051,952.920593,812.900208,94.598183,939.913269,945.418884,401.526337,530.027527,886.387207,118.133957,504.783386,886.646545,346.475739,74.583023,550.49762,173.401428,226.331268,1020.32428,313.93338,42.87915,589.846191,167.847702,106.574837
294,937.152344,394.058929,1044.283813,913.313293,133.036377,1032.261719,753.032166,328.186157,1072.919678,746.190735,221.541733,1072.531616,868.41394,455.196198,954.20166,826.411499,94.364784,943.08551,948.578186,401.539856,529.63446,909.920959,117.76107,508.579437,886.639587,346.349487,74.677086,581.194092,173.852921,222.151123,1020.353821,313.751495,42.856144,626.053223,166.25087,105.174477
295,949.218384,394.70639,1045.436768,925.960815,133.741196,1034.697754,765.178772,328.736267,1074.837891,758.759277,221.894348,1074.738281,879.432861,455.445099,955.313049,839.995728,94.138405,946.135925,951.4823,401.603668,529.269409,932.928467,117.486877,512.454468,886.681946,346.262878,74.77401,612.748474,174.206558,216.535767,1020.398621,313.599091,42.828049,663.493347,164.890182,102.64489
296,961.140442,395.341736,1046.388916,938.529785,134.42662,1036.953369,777.234131,329.225555,1076.583984,771.231323,222.19809,1076.788818,890.266113,455.659149,956.251953,853.639343,93.936676,949.022278,954.179443,401.72168,528.935181,955.378601,117.312195,516.328186,886.753296,346.198364,74.867271,645.166382,174.42807,209.603836,1020.4552,313.475067,42.800243,702.015198,163.729218,99.116035
297,972.934631,395.965973,1047.130615,951.039063,135.093643,1038.992798,789.22113,329.645721,1078.140869,783.624023,222.447006,1078.655518,900.934753,455.843109,957.016724,867.321716,93.766464,951.709412,956.713806,401.896301,528.631958,977.247742,117.236137,520.11969,886.830933,346.139404,74.950645,678.463318,174.490616,201.511566,1020.520996,313.379028,42.77507,741.494324,162.713318,94.759666
298,984.618042,396.580078,1047.653931,963.507019,135.743057,1040.782837,801.162109,329.989532,1079.493774,795.954651,222.636017,1080.312988,911.460205,456.001831,957.606934,881.018127,93.623528,954.163757,959.126038,402.128357,528.357544,998.519043,117.256073,523.749756,886.892822,346.072327,75.019333,712.661682,174.374863,192.44841,1020.594299,313.311676,42.752106,781.832458,161.776993,89.780457
299,996.208069,397.184967,1047.953369,975.951294,136.375534,1042.293823,813.078125,330.251068,1080.630127,808.240295,222.760941,1081.738037,921.864136,456.140228,958.02301,894.701294,93.494743,956.350464,961.453613,402.416931,528.107788,1019.182007,117.367592,527.143677,886.921265,345.98764,75.070869,747.785889,174.068802,182.63147,1020.67395,313.27478,42.728817,822.953918,160.852295,84.406906
300,1007.722473,397.781311,1048.025146,988.388916,136.991394,1043.500122,824.988586,330.42569,1081.539917,820.497803,222.818604,1082.910645,932.168152,456.262939,958.265991,908.343445,93.363075,958.23291,963.731812,402.759308,527.87677,1039.231812,117.564606,530.233093,886.904602,345.880524,75.105614,783.858032,173.567459,172.299133,1020.758972,313.270752,42.70142,864.800537,159.877487,78.882431
301,1019.179443,398.369507,1047.867432,1000.835754,137.590607,1044.380981,836.911072,330.510101,1082.215576,832.74353,222.806915,1083.813965,942.393982,456.374146,958.337646,921.918396,93.213951,959.774292,965.994385,403.15094,527.657288,1058.669434,117.839478,532.95813,886.838318,345.75061,75.126762,820.891541,172.872559,161.703781,1020.848083,313.302155,42.665707,907.324768,158.804871,73.456779
302,1030.597046,398.949646,1047.480469,1013.306641,138.17276,1044.92041,848.861023,330.502441,1082.652344,844.993225,222.724854,1084.43457,952.563049,456.47757,958.239929,935.403137,93.04071,960.940247,968.274292,403.585541,527.441284,1077.501953,118.183266,535.26886,886.725403,345.601257,75.140083,858.885315,171.992523,151.103836,1020.939392,313.370728,42.617817,950.481934,157.606918,68.377747
303,1041.993652,399.521454,1046.866455,1025.81543,138.737045,1045.108154,860.851624,330.402222,1082.8479,857.26178,222.572495,1084.763184,962.696899,456.576233,957.975525,948.779358,92.846756,961.70166,970.604675,404.055237,527.220154,1095.742554,118.586014,537.12677,886.575195,345.438141,75.153259,897.817261,170.94252,140.75499,1021.030518,313.476807,42.554821,994.222046,156.280167,63.882938
304,1053.387329,400.084229,1046.029541,1038.374878,139.282166,1044.940063,872.893616,330.210175,1082.802612,869.563477,222.350952,1084.794189,972.817017,456.672272,957.547241,962.034607,92.6436,962.03717,973.019104,404.550507,526.984924,1113.411255,119.03714,538.505615,886.402161,345.268036,75.17511,937.63739,169.744934,130.901001,1021.118469,313.618378,42.475071,1038.480835,154.846375,60.191422
305,1064.796631,400.636719,1044.975952,1050.996582,139.806458,1044.417603,884.995483,329.928375,1082.519165,881.911682,222.062378,1084.526733,982.945007,456.766968,956.958374,975.164856,92.445839,961.935425,975.552307,405.060791,526.726624,1130.535645,119.525887,539.391907,886.22406,345.097198,75.214767,978.261719,168.429688,121.764175,1021.200134,313.790833,42.378407,1083.171265,153.350937,57.494999
306,1076.23938,401.177185,1043.713745,1063.69165,140.307831,1043.548584,897.163269,329.559845,1082.002686,894.319153,221.709808,1083.963745,993.102539,456.860626,956.212646,988.177185,92.265694,961.395386,978.240112,405.574493,526.436523,1147.150879,120.041771,539.785522,886.059814,344.930511,75.28093,1019.56665,167.034592,113.535957,1021.272766,313.986908,42.266167,1128.175903,151.858749,55.949078
307,1087.733643,401.70343,1042.253052,1076.469727,140.783859,1042.347046,909.400818,329.108643,1081.260376,906.797607,221.297134,1083.112793,1003.311523,456.952545,955.314331,1001.093994,92.109612,960.426025,981.119751,406.079559,526.106262,1163.300781,120.575081,539.699341,885.927917,344.770813,75.381325,1061.384399,165.605301,106.368118,1021.334229,314.197144,42.141087,1173.339233,150.448105,55.663277
308,1099.297119,402.212616,1040.605835,1089.340332,141.231735,1040.832642,921.709839,328.579559,1080.30127,919.358154,220.828949,1081.985596,1013.593872,457.040924,954.268066,1013.954407,91.978371,959.043518,984.229736,406.563843,525.728149,1179.037476,121.117256,539.158691,885.844727,344.618683,75.522499,1103.501099,164.194641,100.365227,1021.383667,314.410645,42.007179,1218.463257,149.203308,56.692333
309,1110.947144,402.701385,1038.786377,1102.31189,141.648407,1039.030762,934.090271,327.977997,1079.13623,932.010986,220.310394,1080.598389,1023.971924,457.122986,953.079285,1026.813354,91.870049,957.268738,987.609314,407.015656,525.295288,1194.421265,121.661346,538.200928,885.823547,344.4729,75.709892,1145.65564,162.861389,95.579041,1021.421936,314.616333,41.869564,1263.30481,148.207016,59.02803
310,1122.700806,403.165863,1036.810181,1115.39209,142.030624,1036.971924,946.540283,327.309814,1077.7771,944.765625,219.74707,1078.970825,1034.467896,457.195068,951.754272,1039.735718,91.783875,955.125549,991.29834,407.424255,524.801697,1209.520142,122.20224,536.874023,885.873962,344.331238,75.948318,1187.543823,161.667908,92.00547,1021.451721,314.804352,41.734337,1307.57605,147.532913,62.593231
311,1134.574463,403.601685,1034.695068,1128.588379,142.374908,1034.691284,959.056702,326.580994,1076.236816,957.630798,219.144806,1077.126831,1045.104248,457.252502,950.299927,1052.786743,91.72274,952.641174,995.337158,407.780365,524.242249,1224.408203,122.736893,535.235107,886.001587,344.191681,76.242752,1228.823486,160.677368,89.58474,1021.478271,314.967316,41.608376,1350.949585,147.239838,67.239189
312,1146.583374,404.003998,1032.460449,1141.907349,142.67775,1032.227905,971.635132,325.797668,1074.528564,970.61438,218.509567,1075.09314,1055.902954,457.289917,948.724365,1066.020142,91.692719,949.848877,999.76593,408.07666,523.612915,1239.164673,123.264351,533.348816,886.208496,344.053345,76.599342,1269.125,159.950027,88.205109,1021.509094,315.101746,41.49913,1393.066895,147.367691,72.74736
313,1158.74231,404.367676,1030.127075,1155.354736,142.935577,1029.623901,984.270508,324.965759,1072.666016,983.723389,217.84726,1072.89978,1066.885986,457.301208,947.036499,1079.466797,91.699379,946.791504,1004.624878,408.308167,522.910767,1253.871216,123.78569,531.285034,886.493896,343.917847,77.026596,1308.064087,159.539276,87.710121,1021.554626,315.208649,41.414223,1433.551758,147.935638,78.836464
314,1171.064575,404.687195,1027.717651,1168.935913,143.144867,1026.92395,996.957092,324.090973,1070.662354,996.963806,217.163528,1070.579102,1078.074341,457.279938,945.246704,1093.128418,91.742157,943.524475,1009.954346,408.472748,522.133606,1268.609009,124.303841,529.116821,886.855164,343.789886,77.536591,1345.258423,159.487564,87.909225,1021.627441,315.293823,41.360847,1472.027588,148.942398,85.175323
315,1183.561768,404.95697,1025.255493,1182.654907,143.302261,1024.174194,1009.689026,323.178589,1068.530273,1010.340698,216.463715,1068.165405,1089.488037,457.219208,943.366211,1106.976685,91.809174,940.117004,1015.794678,408.571198,521.280273,1283.456909,124.823227,526.917786,887.289124,343.677734,78.146049,1380.345337,159.822708,88.591011,1021.742371,315.367493,41.344879,1508.136475,150.368484,91.401176
316,1196.244019,405.171265,1022.765686,1196.515259,143.404541,1021.421143,1022.460266,322.233368,1066.281616,1023.857849,215.752609,1065.694214,1101.145874,457.112152,941.407776,1120.963013,91.875267,936.649841,1022.187134,408.607483,520.350281,1298.487061,125.349403,524.759766,887.793701,343.593201,78.877335,1413.001099,160.554886,89.538109,1021.914856,315.443207,41.369751,1541.560913,152.179825,97.14241
317,1209.119263,405.324524,1020.273682,1210.519043,143.448807,1018.710938,1035.265259,321.259399,1063.926758,1037.517822,215.034424,1063.202026,1113.064819,456.951935,939.385437,1135.032959,91.905045,933.209534,1029.173828,408.588745,519.343567,1313.762451,125.88858,522.710388,888.370544,343.55127,79.759026,1442.959473,161.674652,90.54245,1022.159912,315.535828,41.43512,1572.042969,154.331909,102.044121
318,1222.193115,405.411377,1017.805725,1224.66687,143.43248,1016.088501,1048.098877,320.260315,1061.47522,1051.321655,214.312668,1060.72522,1125.259399,456.732117,937.314453,1149.145386,91.860611,929.880737,1036.798828,408.525085,518.260498,1329.333496,126.447121,520.830566,889.026855,343.569489,80.826279,1470.027344,163.152359,91.419579,1022.490112,315.659607,41.53553,1599.402222,156.774094,105.79409
319,1235.468628,405.42688,1015.388306,1238.957886,143.353394,1013.596375,1060.956421,319.238892,1058.93457,1065.269043,213.590027,1058.300049,1137.741821,456.446808,935.211426,1163.288696,91.711426,926.736816,1045.108032,408.429352,517.101746,1345.235107,127.031075,519.172424,889.778931,343.666962,82.120644,1494.096802,164.939102,92.020569,1022.913025,315.82547,41.659359,1623.548218,159.453094,108.146736
320,1248.946045,405.366638,1013.048157,1253.389893,143.209869,1011.274109,1073.834229,318.197449,1056.311035,1079.357666,212.868423,1055.961304,1150.52124,456.090881,933.094238,1177.490112,91.442322,923.833618,1054.14978,408.316559,515.868042,1361.484619,127.645714,517.77771,890.654541,343.863647,83.689529,1515.151245,166.96933,92.240501,1023.429321,316.039001,41.788414,1644.485962,162.315521,108.942429
321,1262.622925,405.226959,1010.811523,1267.95813,143.000687,1009.15741,1086.72937,317.137604,1053.609375,1093.583618,212.148941,1053.742188,1163.603027,455.660248,930.982056,1191.814575,91.056351,921.208313,1063.974609,408.203339,514.560425,1378.079956,128.29509,516.675964,891.696411,344.179474,85.585106,1533.265259,169.164841,92.022736,1024.03125,316.298553,41.898521,1662.31543,165.309235,108.120079
322,1276.493408,405.005005,1008.704041,1282.656372,142.72525,1007.277588,1099.639648,316.060547,1050.832886,1107.94104,211.431854,1051.67395,1176.98938,455.151917,928.89502,1206.350586,90.571159,918.885071,1074.634766,408.107239,513.18042,1394.998779,128.981766,515.884033,892.964478,344.633484,87.862709,1548.597412,171.440201,91.358566,1024.702026,316.594391,41.961494,1677.222534,168.383591,105.721397
323,1290.548828,404.698914,1006.750671,1297.476074,142.383484,1005.660889,1112.563599,314.96701,1047.983887,1122.422119,210.716721,1049.784912,1190.678223,454.56427,926.854309,1221.188232,90.010582,916.886902,1086.18335,408.045868,511.730011,1412.19812,129.706482,515.405457,894.537781,345.243164,90.578873,1561.377563,173.708755,90.282623,1025.41748,316.90918,41.948666,1689.464966,171.489105,101.88633
324,1304.777466,404.307831,1004.974792,1312.406616,141.975937,1004.328247,1125.500244,313.857391,1045.063599,1137.01709,210.002365,1048.100342,1204.663452,453.897095,924.881775,1236.392822,89.394875,915.249451,1098.672729,408.03598,510.212646,1429.615479,130.468018,515.230652,896.515381,346.023651,93.788788,1571.888306,175.88913,88.864616,1026.150024,317.219452,41.836018,1699.351807,174.57692,96.839943
325,1319.164673,403.832123,1003.398499,1327.434937,141.503723,1003.294983,1138.449341,312.731873,1042.07251,1151.714111,209.287109,1046.641968,1218.93457,453.151703,923.000061,1251.983765,88.733337,914.029785,1112.15271,408.092804,508.633575,1447.170654,131.263092,515.337585,899.015503,346.98703,97.543556,1580.443726,177.911041,87.198563,1026.87439,317.498566,41.610504,1707.221436,177.598663,90.872238
326,1333.693481,403.273285,1002.041809,1342.546143,140.968536,1002.57074,1151.410645,311.590546,1039.010864,1166.5,208.568787,1045.427979,1233.477295,452.330933,921.231995,1267.926514,88.022003,913.304016,1126.667847,408.229004,507.000763,1464.767578,132.086334,515.69342,902.17334,348.141266,101.887161,1587.367554,179.720291,85.390884,1027.577637,317.720581,41.277,1713.418579,180.507004,84.312981
327,1348.343994,402.634003,1000.922546,1357.723511,140.372635,1002.159424,1175.045654,316.641357,1038.663208,1181.359375,207.844971,1044.47229,1248.273193,451.439209,919.600342,1284.138306,87.246582,913.151855,1142.255615,408.454315,505.325684,1482.298462,132.930374,516.25592,906.137024,349.488983,106.853386,1592.9729,181.281967,83.548698,1028.269775,317.865082,40.864838,1718.27356,183.256958,77.504272
328,1363.094727,401.91806,1000.056213,1372.948364,139.71875,1002.059448,1189.863647,315.755402,1037.633301,1196.275757,207.113083,1043.784912,1263.300171,450.482422,918.127808,1300.508789,86.389038,913.629883,1158.942993,408.774841,503.624298,1499.647095,133.78598,516.976074,911.062012,351.026276,112.462738,1597.544556,182.581696,81.769585,1028.99585,317.922028,40.432709,1722.085083,185.807922,70.773766
329,1377.922729,401.130371,999.455505,1388.200806,139.010086,1002.26416,1204.739624,314.848938,1036.863281,1211.231079,206.370575,1043.37207,1278.533081,449.467743,916.836182,1316.926025,85.434998,914.744873,1176.744019,409.192902,501.917816,1516.692993,134.642273,517.800415,917.104431,352.741211,118.719574,1601.327148,183.624939,80.133789,1029.8479,317.896423,40.070641,1725.109375,188.125977,64.411163
330,1392.803589,400.276794,999.130188,1403.459351,138.250259,1002.762024,1219.651855,313.920685,1036.364136,1226.206787,205.615067,1043.235352,1293.943726,448.403717,915.746399,1333.300415,84.379478,916.436279,1195.657959,409.706909,500.233398,1533.316162,135.487061,518.67395,924.41333,354.612823,125.609543,1604.517822,184.434158,78.699318,1030.973633,317.811707,39.897858,1727.553589,190.185928,58.650112
331,1407.712646,399.364014,999.086914,1418.702393,137.443207,1003.537292,1234.578369,312.969757,1036.143677,1241.183105,204.844528,1043.372925,1309.501953,447.299774,914.877808,1349.577148,83.22963,918.578491,1215.666992,410.311676,498.60434,1549.401001,136.307236,519.542908,933.123108,356.61026,133.097351,1607.265747,185.044586,77.500191,1032.582153,317.711639,40.055771,1729.576294,191.9729,53.656891
332,1422.625366,398.399414,999.329041,1433.907349,136.59317,1004.570496,1249.49707,311.996826,1036.205688,1256.140625,204.057419,1043.778931,1325.175903,446.166229,914.247803,1365.735474,82.004372,921.001709,1236.735718,410.99881,497.070251,1564.84082,137.089203,520.3573,943.346619,358.692749,141.125092,1609.674683,185.4991,76.547356,1034.941528,317.659698,40.696014,1731.290649,193.482834,49.526257
333,1437.517212,397.390839,999.856689,1449.052246,135.70462,1005.839111,1264.38562,311.002686,1036.550903,1271.05957,203.252823,1044.444336,1340.932739,445.013916,913.87146,1381.775146,80.731888,923.525757,1258.810669,411.757294,495.676239,1579.541504,137.819397,521.073486,955.169373,360.810364,149.611053,1611.810547,185.842834,75.831894,1038.370605,317.735565,41.964317,1732.772095,194.722183,46.284153
334,1452.365112,396.346466,1000.666382,1464.115356,134.78215,1007.318115,1279.2229,309.989685,1037.175781,1285.920654,202.430511,1045.356567,1356.739868,443.853943,913.760925,1397.696167,79.445915,925.994751,1281.820923,412.574188,494.472137,1593.42395,138.484756,521.655884,968.645752,362.906036,158.449432,1613.709473,186.118317,75.329628,1043.222778,318.028961,43.981873,1734.067261,195.706482,43.896065
335,1467.147461,395.274658,1001.75116,1479.075928,133.83049,1008.980774,1293.988647,308.961029,1038.073486,1300.705811,201.591095,1046.500488,1372.564453,442.697479,913.925232,1413.478638,78.18174,928.301025,1305.680176,413.435455,493.510773,1606.42688,139.073334,522.078247,983.797424,364.918243,167.510666,1615.388428,186.361557,75.006439,1049.863281,318.630859,46.826744,1735.202759,196.45842,42.279491
336,1481.844116,394.183594,1003.100769,1493.914795,132.854462,1010.799072,1308.664063,307.920258,1039.233398,1315.397583,200.735977,1047.858276,1388.375488,441.555359,914.369507,1429.071899,76.972664,930.393372,1330.288086,414.32663,492.845947,1618.507935,139.574692,522.324585,1000.614258,366.784851,176.643097,1616.853027,186.599548,74.82354,1058.642578,319.623108,50.518143,1736.193604,197.005386,41.318638
337,1496.437744,393.08136,1004.701416,1508.614258,131.858856,1012.744385,1323.2323,306.872223,1040.641724,1329.980347,199.867493,1049.410156,1404.143066,440.437897,915.09491,1444.394165,75.847137,932.269897,1355.534302,415.233459,492.530029,1629.643921,139.98027,522.389099,1019.057068,368.447388,185.675705,1618.105713,186.849167,74.742149,1069.869263,321.067932,55.006351,1737.049561,197.377167,40.879585
338,1510.913208,391.975555,1006.536011,1523.159058,130.848495,1014.787903,1337.679077,305.821777,1042.281616,1344.439941,198.9888,1051.134399,1419.8396,439.354736,916.098267,1459.346802,74.826691,933.962524,1381.300659,416.142426,492.611328,1639.830688,140.283798,522.275879,1039.0625,369.855499,194.422272,1619.151001,187.117477,74.72715,1083.785278,322.998596,60.170368,1737.779907,197.603668,40.824238
339,1525.258179,390.873352,1008.584351,1537.536133,129.828156,1016.901184,1351.991821,304.774323,1044.132935,1358.764404,198.103867,1053.007935,1435.440186,438.314514,917.371704,1473.836548,73.924622,935.519287,1407.46521,417.041046,493.131287,1649.081177,140.481308,521.997498,1060.54895,370.971161,202.686996,1619.998413,187.403152,74.749611,1100.547974,325.413055,65.824074,1738.395752,197.713348,41.021969
340,1539.463013,389.781281,1010.822998,1551.734985,128.802567,1019.056519,1366.161255,303.735352,1046.172974,1372.943726,197.217453,1055.00647,1450.922485,437.324738,918.90271,1487.801514,73.145363,936.991272,1433.905273,417.917938,494.122101,1657.424561,140.571274,521.573975,1083.42334,371.771851,210.271408,1620.663696,187.698654,74.788101,1120.220337,328.271515,71.730263,1738.911011,197.731934,41.3582
341,1553.521362,388.705139,1013.226013,1565.748169,127.77636,1021.227051,1380.180664,302.71051,1048.376953,1386.970337,196.334991,1057.105225,1466.267456,436.391693,920.673828,1501.230713,72.484581,938.424805,1460.500488,418.762848,495.604156,1664.902954,140.554474,521.030823,1107.587891,372.252869,216.982208,1621.168457,187.992676,74.828949,1142.770508,331.498444,77.620667,1739.341675,197.681961,41.739624
342,1567.429321,387.649994,1015.764771,1579.570557,126.754082,1023.387268,1394.045654,301.705322,1050.717651,1400.838501,195.462479,1059.278687,1481.458984,435.520386,922.662903,1514.170654,71.930351,939.859497,1487.134888,419.566498,497.584503,1671.56897,140.433731,520.397217,1132.946167,372.427826,222.639679,1621.53894,188.27269,74.865623,1168.080933,334.989166,83.219017,1739.704712,197.582581,42.096378
343,1581.186035,386.620209,1018.408386,1593.200317,125.740173,1025.512939,1407.755127,300.725159,1053.166748,1414.545166,194.606384,1061.501587,1496.484375,434.714417,924.843262,1526.715088,71.465569,941.327576,1513.699341,420.320313,500.055481,1677.483032,140.213593,519.704102,1159.408936,372.32785,227.085999,1621.802856,188.527054,74.897583,1195.963989,338.619537,88.264114,1740.016235,197.449722,42.381561
344,1594.793091,385.619263,1021.124207,1606.637817,124.738899,1027.581543,1421.310181,299.77533,1055.69397,1428.089233,193.773514,1063.748291,1511.333862,433.976105,927.184021,1538.97937,71.071579,942.854614,1540.092163,421.016174,502.994232,1682.710205,139.899979,518.982544,1186.897583,371.998962,230.192734,1621.988281,188.746704,74.928703,1226.182617,342.257874,92.530136,1740.290771,197.296478,42.568871
345,1608.254883,384.649902,1023.878052,1619.886353,123.754372,1029.571777,1434.7146,298.861023,1058.268311,1441.471802,192.970856,1065.993774,1526.001343,433.306427,929.650208,1551.06897,70.732269,944.458923,1566.219604,421.646179,506.362793,1687.318359,139.499649,518.262024,1215.347534,371.498413,231.867172,1622.120483,188.926056,74.965668,1258.47229,345.777222,95.842094,1740.539673,197.133377,42.64909
346,1621.577515,383.714142,1026.634766,1632.951294,122.790474,1031.464355,1447.974121,297.987,1060.858398,1454.696045,192.205505,1068.213501,1540.483154,432.70517,932.203796,1563.05542,70.43705,946.151245,1591.99646,422.202545,510.108856,1691.374878,139.019882,517.569092,1244.708862,370.889862,232.056503,1622.221313,189.063416,75.016373,1292.562256,349.066467,98.085396,1740.771362,196.968704,42.626095
347,1634.769653,382.813263,1029.358276,1645.840332,121.850845,1033.241455,1461.09668,297.158295,1063.432007,1467.766357,191.484528,1070.383667,1554.779053,432.171021,934.803894,1574.970459,70.181267,947.936279,1617.344604,422.67749,514.167175,1694.945923,138.468018,516.926392,1274.946533,370.238312,230.750031,1622.307251,189.160751,75.088623,1328.193481,352.038788,99.209412,1740.991577,196.808578,42.512955
